C_1,,,,FMMC_PLIB_0,,,
C_2,,,,FMMC_PLIB_1,,,
C_3,,,,FMMC_PLIB_3,,,
C_4,,,,FMMC_PLIB_4,,,
C_5,,,,FMMC_PLIB_5,,,
C_6,,,,FMMC_PLIB_6,,,
C_7,,,,FMMC_PLIB_7,,,
C_8,,,,FMMC_PLIB_15,,,
C_9,,,,FMMC_PLIB_8,,,
C_10,,,,FMMC_PLIB_9,,,
C_11,,,,FMMC_PLIB_TNR,,,
C_12,,,,FMMC_PLIB_10,,,
C_13,,,,DMPP_SCAT1,,,
C_14,,,,DMPP_SCAT2,,,
C_15,,,,DMPP_SCAT3,,,
C_16,,,,DMPP_SCAT4,,,
C_17,,,,DMPP_SCAT5,,,
C_18,,,,DMPP_SCAT6,,,
C_19,,,,DMPP_SCAT7,,,
C_20,,,,DMPP_SCAT8,,,
C_21,,,,DMPP_SCAT9,,,
C_22,,,,FMMC_PLIB_11,,,
C_23,,,,DMPP_WTRCAT,,,
C_24,,,,FMMC_PLIB_12,,,
C_25,,,,,Other,其他,其他
,C_25,prop_windmill_01,,,Windmill,风车,風車
,C_25,prop_barriercrash_01,,,Crash Barrier 01,缓冲带01,緩衝帶01
,C_25,prop_barriercrash_02,,,Crash Barrier 02,缓冲带02,緩衝帶02
,C_25,prop_gas_pump_1a,,,Gas Pump 1a,油泵1a,油泵1a
,C_25,prop_gas_pump_1b,,,Gas Pump 1b,油泵1b,油泵1b
,C_25,prop_gas_pump_1c,,,Gas Pump 1c,油泵1c,油泵1c
,C_25,prop_gas_pump_1d,,,Gas Pump 1d,油泵1d,油泵1d
,C_25,prop_gas_pump_old2,,,Gas Pump Old 2,旧油泵2,舊油泵2
,C_25,prop_gas_pump_old3,,,Gas Pump Old 3,旧油泵3,舊油泵3
,C_1,prop_plas_barier_01a,,FMMC_PR_BARPRED,,,
,C_1,prop_barrier_work04a,,FMMC_PR_BARWRKW,,,
,C_1,prop_barrier_work05,,FMMC_PR_PBARR,,,
,C_1,prop_barrier_work06a,,FMMC_PR_BARWRKP,,,
,C_1,prop_offroad_bale01,,FMMC_PR_3,,,
,C_1,prop_offroad_bale02,,FMMC_PR_2,,,
,C_1,prop_offroad_bale03,,FMMC_PR_1,,,
,C_1,prop_hayb_st_01_cr,,FMMC_PR_HBSTK,,,
,C_1,prop_haybale_01,,FMMC_PR_HBSML,,,
,C_1,prop_haybale_02,,FMMC_PR_HBSSTK,,,
,C_1,prop_haybale_03,,FMMC_PR_HBRND,,,
,C_1,prop_offroad_tyres01,,FMMC_PR_4,,,
,C_1,prop_offroad_tyres02,,FMMC_PR_5,,,
,C_1,prop_rub_tyre_03,,FMMC_DPR_RBRTYR,,,
,C_1,prop_tyre_wall_01,,FMMC_PR_TYR1,,,
,C_1,prop_tyre_wall_02,,FMMC_PR_TYR2,,,
,C_1,prop_tyre_wall_03,,FMMC_PR_TYR3,,,
,C_1,prop_tyre_wall_04,,FMMC_PR_TYR4,,,
,C_1,prop_tyre_wall_05,,FMMC_PR_TYR5,,,
,C_1,prop_offroad_barrel01,,FMMC_DPR_BARREL,,,
,C_1,prop_offroad_barrel02,,FMMC_DPR_BRLLNE,,,
,C_1,prop_mc_conc_barrier_01,,FMMC_DPR_DESBAR,,,
,C_1,prop_barier_conc_01a,,FMMC_PR_10,,,
,C_1,prop_barier_conc_02a,,FMMC_PR_6,,,
,C_1,prop_barier_conc_02b,,FMMC_PR_BARCANW,,,
,C_1,prop_barier_conc_05a,,FMMC_PR_8,,,
,C_1,prop_barier_conc_05b,,FMMC_PR_9,,,
,C_1,prop_barier_conc_05c,,FMMC_PR_7,,,
,C_1,prop_mb_sandblock_01,,FMMC_PR_SNDBKSI,,,
,C_1,prop_mb_sandblock_02,,FMMC_PR_SNDBKTR,,,
,C_1,prop_mb_sandblock_05_cr,,FMMC_PR_SNDBKED,,,
,C_1,prop_mb_sandblock_04,,FMMC_PR_SNDBKCR,,,
,C_1,prop_mb_sandblock_03_cr,,FMMC_PR_SNDBKST,,,
,C_1,prop_mb_hesco_06,,FMMC_PR_SNDBKFT,,,
,C_1,prop_fnclink_06a,,FMMC_PR_FNCBWSG,,,
,C_1,prop_fnclink_06b,,FMMC_PR_FNCBWLN,,,
,C_1,prop_fnclink_06c,,FMMC_PR_FNCBWWD,,,
,C_1,prop_fnclink_06d,,FMMC_PR_FNCBWWL,,,
,C_1,prop_fncsec_03b,,FMMC_DPR_SECFEN,,,
,C_1,prop_fnccorgm_03a,,FMMC_PR_FNCCDCF,,,
,C_1,prop_fnccorgm_03b,,FMMC_PR_FNCCPDF,,,
,C_1,prop_fnccorgm_03c,,FMMC_PR_FNCCSCF,,,
,C_1,prop_fnccorgm_02a,,FMMC_PR_FNCCRDF,,,
,C_1,prop_fnccorgm_02b,,FMMC_PR_FNCCPRF,,,
,C_1,prop_fnccorgm_02c,,FMMC_PR_FNCCBPF,,,
,C_1,prop_fnccorgm_02d,,FMMC_PR_FNCCTCF,,,
,C_1,prop_fnccorgm_02e,,FMMC_PR_FNCCSRF,,,
,C_1,prop_const_fence02a,,FMMC_PR_BARDUBU,,,
,C_1,prop_const_fence03a_cr,,FMMC_PR_BARWDQU,,,
,C_1,prop_const_fence01b_cr,,FMMC_PR_BARSINB,,,
,C_1,prop_const_fence02b,,FMMC_PR_0,,,
,C_1,prop_const_fence03b_cr,,FMMC_PR_BARQADB,,,
,C_1,prop_fncwood_16b,,FMMC_PR_FNCPKOD,,,
,C_1,prop_fncwood_16c,,FMMC_PR_FNCPKOS,,,
,C_1,prop_fnc_farm_01b,,FMMC_PR_FNCFMS,,,
,C_1,prop_fnc_farm_01c,,FMMC_PR_FNCFMSL,,,
,C_1,prop_fnc_farm_01d,,FMMC_PR_FNCFMD,,,
,C_1,prop_fnc_farm_01e,,FMMC_PR_FNCFMT,,,
,C_1,prop_fnc_farm_01f,,FMMC_PR_FNCFMSX,,,
,C_1,prop_table_08_side,,FMMC_DPR_UPTTBL,,,
,C_1,prop_start_gate_01b,,FMMC_PR_SGTE,,,
,C_1,prop_beachf_01_cr,,FMMC_PR_BEAF,,,
,C_1,prop_inflategate_01,,DMPP_INFLAT,,,
,C_2,prop_bench_01a,,FMMC_PR_14,,,
,C_2,prop_bench_05,,FMMC_PR_12,,,
,C_2,prop_bench_07,,FMMC_PR_13,,,
,C_2,prop_bench_08,,FMMC_PR_BNBLUE,,,
,C_2,prop_bleachers_04_cr,,FMMC_PR_SBLE,,,
,C_2,prop_bleachers_05_cr,,FMMC_PR_BLEA,,,
,C_3,prop_elecbox_24,,FMMC_PR_17,,,
,C_3,prop_elecbox_24b,,FMMC_PR_18,,,
,C_3,prop_portacabin01,,FMMC_PR_19,,,
,C_3,prop_air_monhut_03_cr,,FMMC_PR_CABAPHT,,,
,C_3,prop_air_sechut_01,,FMMC_PR_CABSCHT,,,
,C_3,prop_tollbooth_1,,FMMC_PR_CABTBTH,,,
,C_3,prop_parking_hut_2,,FMMC_PR_CABPHUT,,,
,C_3,prop_makeup_trail_02_cr,,FMMC_PR_MUTR,,,
,C_3,prop_makeup_trail_01_cr,,FMMC_PR_SMTR,,,
,C_3,prop_fruitstand_b,,FMMC_DPR_FSTND,,,
,C_4,prop_cementbags01,,FMMC_PR_20,,,
,C_4,prop_cons_cements01,,FMMC_PR_CONCSAK,,,
,C_4,prop_conc_blocks01a,,FMMC_PR_21,,,
,C_4,prop_conc_blocks01c,,FMMC_PR_CONCCND,,,
,C_4,prop_cons_crate,,FMMC_PR_22,,,
,C_4,prop_jyard_block_01a,,FMMC_PR_23,,,
,C_4,prop_conc_sacks_02a,,FMMC_PR_24,,,
,C_4,prop_byard_sleeper01,,FMMC_PR_25,,,
,C_4,prop_shuttering01,,FMMC_PR_26,,,
,C_4,prop_shuttering04,,FMMC_PR_29,,,
,C_4,prop_shuttering02,,FMMC_PR_27,,,
,C_4,prop_shuttering03,,FMMC_PR_28,,,
,C_4,prop_woodpile_01a,,FMMC_PR_30,,,
,C_4,prop_woodpile_01b,,FMMC_PR_WODPLSM,,,
,C_4,prop_woodpile_01c,,FMMC_PR_31,,,
,C_4,prop_woodpile_03a,,FMMC_PR_WODPLUT,,,
,C_4,prop_logpile_03,,FMMC_DPR_LGPLES,,,
,C_4,prop_logpile_01,,FMMC_DPR_LGPLEL,,,
,C_4,prop_pipes_conc_01,,FMMC_PR_CNPPE,,,
,C_4,prop_pipes_02b,,FMMC_DPR_PIPPLE,,,
,C_5,prop_rub_cont_01b,,FMMC_PR_32,,,
,C_5,prop_container_ld2,,FMMC_PR_36,,,
,C_5,prop_container_01mb,,FMMC_PR_CNTLNGG,,,
,C_5,prop_contr_03b_ld,,FMMC_PR_35,,,
,C_5,prop_container_03mb,,FMMC_PR_CNTSHTG,,,
,C_5,prop_rail_boxcar,,FMMC_PR_37,,,
,C_5,prop_rail_boxcar3,,FMMC_PR_38,,,
,C_5,prop_rail_boxcar4,,FMMC_PR_33,,,
,C_5,prop_rub_railwreck_2,,FMMC_PR_34,,,
,C_6,prop_boxpile_02b,,FMMC_PR_40,,,
,C_6,prop_boxpile_04a,,FMMC_PR_BOXPILW,,,
,C_6,prop_boxpile_07a,,DMPP_FRAGILE,,,
,C_6,prop_box_wood01a,,FMMC_PR_42,,,
,C_6,prop_box_wood03a,,FMMC_PR_43,,,
,C_6,prop_box_wood04a,,FMMC_PR_44,,,
,C_6,prop_pallet_pile_01,,FMMC_PR_PLTPILS,,,
,C_6,prop_pallet_pile_02,,FMMC_PR_PLTPILL,,,
,C_6,prop_mb_cargo_03a,,FMMC_PR_CRG01,,,
,C_6,prop_mb_cargo_04a,,FMMC_PR_CRG02,,,
,C_6,prop_air_cargo_04a,,FMMC_PR_CRG03,,,
,C_6,prop_mb_crate_01b,,FMMC_PR_CRG04,,,
,C_6,prop_mb_cargo_04b,,FMMC_PR_CRG05,,,
,C_6,prop_mb_cargo_02a,,FMMC_PR_CRG06,,,
,C_6,prop_air_cargo_01a,,FMMC_PR_CRGAIR,,,
,C_6,prop_watercrate_01,,FMMC_PR_41,,,
,C_6,prop_cash_crate_01,,FMMC_PR_45,,,
,C_6,hei_prop_heist_apecrate,,FMMC_PR_MNKCR,,,
,C_6,hei_prop_hei_cash_trolly_03,,FMMC_PR_CASHT,,,
,C_6,prop_postbox_01a,,FMMC_DPR_MALBOX,,,
,C_6,prop_news_disp_02d,,FMMC_DPR_NPVND,,,
,C_6,prop_vend_water_01,,FMMC_DPR_WVND,,,
,C_6,prop_vend_snak_01_tu,,FMMC_DPR_MCHSNK,,,
,C_6,prop_train_ticket_02_tu,,FMMC_DPR_MCHTCK,,,
,C_6,prop_byard_floatpile,,FMMC_PR_39,,,
,C_7,prop_bin_13a,,FMMC_PR_46,,,
,C_7,prop_bin_14a,,FMMC_PR_47,,,
,C_7,prop_dumpster_3a,,FMMC_PR_48,,,
,C_7,prop_dumpster_4b,,FMMC_PR_49,,,
,C_7,prop_dumpster_01a,,FMMC_PR_50,,,
,C_7,prop_dumpster_02a,,FMMC_PR_DMPCLDB,,,
,C_7,prop_dumpster_02b,,FMMC_PR_DMPCLDM,,,
,C_7,prop_skip_06a,,FMMC_PR_51,,,
,C_8,prop_barrel_exp_01a,,FMMC_DPR_EXPBRL,,,
,C_8,prop_barrel_exp_01b,,FMMC_DPR_BRGOEX,,,
,C_8,prop_barrel_exp_01c,,FMMC_DPR_BRFLEX,,,
,C_8,prop_jerrycan_01a,,FMMC_DPR_JRYCAN,,,
,C_8,prop_gascyl_01a,,FMMC_DPR_SGC,,,
,C_8,prop_gascyl_02a,,FMMC_DPR_OLGAS,,,
,C_8,prop_gascyl_02b,,FMMC_DPR_OSGAS,,,
,C_8,prop_gascyl_03a,,FMMC_DPR_TBGAS,,,
,C_8,prop_gascyl_03b,,FMMC_DPR_TRGAS,,,
,C_8,prop_gascyl_04a,,FMMC_DPR_LGC,,,
,C_8,prop_fire_exting_1b,,FMMC_DPR_FIREXT,,,
,C_8,prop_mb_ordnance_02,,FMMC_DPR_ORDNAN,,,
,C_8,prop_storagetank_02b,,FMMC_DPR_TKRDEX,,,
,C_8,prop_gas_tank_02a,,FMMC_DPR_TKLRGW,,,
,C_8,prop_gas_tank_04a,,FMMC_DPR_TKLRGG,,,
,C_8,prop_gas_tank_02b,,FMMC_DPR_TKLRGY,,,
,C_9,prop_elecbox_02a,,FMMC_PR_52,,,
,C_9,prop_elecbox_16,,FMMC_PR_53,,,
,C_9,prop_elecbox_14,,FMMC_PR_54,,,
,C_9,prop_elecbox_10_cr,,FMMC_PR_ELECBXW,,,
,C_9,prop_elecbox_15_cr,,FMMC_PR_ELCBXGN,,,
,C_9,prop_elecbox_17_cr,,FMMC_PR_ELCBXGY,,,
,C_9,prop_ind_mech_02a,,FMMC_PR_56,,,
,C_9,prop_ind_mech_02b,,FMMC_PR_57,,,
,C_9,prop_sub_trans_01a,,FMMC_PR_58,,,
,C_9,prop_sub_trans_02a,,FMMC_PR_59,,,
,C_9,prop_sub_trans_04a,,FMMC_PR_60,,,
,C_9,prop_generator_03b,,FMMC_PR_GANDLMP,,,
,C_9,prop_set_generator_01_cr,,DMPP_LRGEGEN,,,
,C_9,prop_feeder1_cr,,FMMC_PR_FEEDER,,,
,C_9,prop_ind_deiseltank,,FMMC_PR_55,,,
,C_11,prop_joshua_tree_01a,,FMMC_PR_JOTREE,,,
,C_11,prop_cactus_01e,,FMMC_PR_CACTUS,,,
,C_11,prop_pot_plant_05c,,FMMC_PR_PLNTAP,,,
,C_11,prop_pot_plant_04c,,FMMC_PR_PLNTPP,,,
,C_11,prop_pot_plant_05d,,FMMC_PR_PLNTFW,,,
,C_11,prop_pot_plant_03b_cr2,,FMMC_PR_PLNTCF,,,
,C_11,prop_pot_plant_04b,,FMMC_PR_PLNTTC,,,
,C_11,prop_rock_4_c_2,,FMMC_PR_RCKMDF,,,
,C_11,prop_rock_4_big,,FMMC_PR_RCKBGF,,,
,C_11,prop_rock_4_big2,,FMMC_PR_RCKBGR,,,
,C_11,prop_tree_olive_cr2,,FMMC_PR_NTROLVT,,,
,C_11,prop_tree_eng_oak_cr2,,FMMC_PR_NTROAKT,,,
,C_11,prop_bush_med_03_cr2,,FMMC_PR_BUSHS,,,
,C_11,prop_bush_lrg_01c_cr,,FMMC_PR_BUSHLD,,,
,C_10,lts_prop_lts_ramp_01,,FMMC_PR_61,,,
,C_10,lts_prop_lts_ramp_02,,FMMC_PR_63,,,
,C_10,lts_prop_lts_ramp_03,,FMMC_PR_64,,,
,C_10,prop_skip_04,,FMMC_PR_62,,,
,C_10,prop_skip_03,,FMMC_PR_RMPDMPM,,,
,C_10,prop_skip_08a,,FMMC_PR_65,,,
,C_10,prop_pile_dirt_07_cr,,FMMC_PR_RMPPILE,,,
,C_12,prop_trafficdiv_01,,FMMC_PR_67,,,
,C_12,prop_sign_road_09a,,FMMC_PR_68,,,
,C_12,prop_sign_road_09b,,FMMC_PR_69,,,
,C_12,prop_sign_road_09c,,FMMC_PR_70,,,
,C_12,prop_sign_road_09d,,FMMC_PR_71,,,
,C_12,prop_sign_road_06q,,FMMC_PR_72,,,
,C_12,prop_sign_road_06r,,FMMC_PR_73,,,
,C_12,prop_sign_road_05c,,FMMC_PR_74,,,
,C_12,prop_sign_road_05d,,FMMC_PR_75,,,
,C_12,prop_sign_road_05e,,FMMC_PR_76,,,
,C_12,prop_sign_road_05f,,FMMC_PR_77,,,
,C_12,prop_roadcone02c,,FMMC_DPR_CONE,,,
,C_12,prop_roadcone02a,,FMMC_DPR_TRFCNE,,,
,C_12,prop_roadcone01a,,FMMC_DPR_LTRFCN,,,
,C_12,prop_roadpole_01a,,FMMC_DPR_TRFPLE,,,
,C_12,ind_prop_dlc_flag_02,,FMMC_PR_AMFLG,,,
,C_12,prop_road_memorial_02,,FMMC_PR_RDMEM,,,
,C_12,prop_air_taxisign_01a,,FMMC_PR_SINAPTX,,,
,C_12,hei_prop_carrier_docklight_01,,FMMC_PR_CARL2,,,
,C_12,hei_prop_carrier_docklight_02,,FMMC_PR_CARL5,,,
,C_22,prop_food_van_01,,FMMC_PR_78,,,
,C_22,prop_food_van_02,,FMMC_PR_79,,,
,C_22,prop_tanktrailer_01a,,FMMC_PR_80,,,
,C_22,prop_truktrailer_01a,,FMMC_PR_81,,,
,C_22,prop_old_farm_03,,FMMC_PR_FRMOLDT,,,
,C_24,prop_rub_buswreck_01,,FMMC_PR_82,,,
,C_24,prop_rub_buswreck_06,,FMMC_PR_83,,,
,C_24,prop_rub_carwreck_11,,FMMC_PR_84,,,
,C_24,prop_rub_carwreck_12,,FMMC_PR_85,,,
,C_24,prop_rub_carwreck_13,,FMMC_PR_86,,,
,C_24,prop_rub_carwreck_14,,FMMC_PR_WRKCRRD,,,
,C_24,prop_rub_carwreck_9,,FMMC_PR_87,,,
,C_24,prop_rub_couch02,,FMMC_PR_WRKCCH,,,
,C_23,prop_dock_bouy_1,,FMMC_PR_15,,,
,C_23,prop_dock_bouy_2,,FMMC_PR_16,,,
,C_23,prop_byard_float_02,,FMMC_PR_FLOATD,,,
,C_23,prop_jetski_ramp_01,,FMMC_PR_66,,,
,C_15,sr_mp_spec_races_ammu_sign,,FMMC_PR_116,,,
,C_15,sr_prop_sr_track_wall,,FMMC_PR_114,,,
,C_18,sr_prop_sr_boxpile_02,,FMMC_PR_111,,,
,C_18,sr_prop_sr_boxpile_03,,FMMC_PR_112,,,
,C_18,sr_mp_spec_races_ron_sign,,MC_SR_PROP_47,,,
,C_18,sr_mp_spec_races_xero_sign,,MC_SR_PROP_48,,,
,C_18,sr_prop_sr_target_1_01a,,MC_SR_PROP_61,,,
,C_18,sr_prop_sr_target_2_04a,,MC_SR_PROP_62,,,
,C_18,sr_prop_sr_target_3_03a,,MC_SR_PROP_63,,,
,C_18,sr_prop_sr_target_4_01a,,MC_SR_PROP_64,,,
,C_18,sr_prop_sr_target_5_01a,,MC_SR_PROP_65,,,
,C_18,sr_prop_sr_target_long_01a,,MC_SR_PROP_67,,,
,C_18,sr_prop_sr_target_trap_01a,,MC_SR_PROP_70,,,
,C_18,sr_prop_sr_target_trap_02a,,MC_SR_PROP_71,,,
,C_21,sr_prop_special_bblock_sml1,,MC_SR_PROP_49,,,
,C_21,sr_prop_special_bblock_mdm1,,MC_SR_PROP_50,,,
,C_21,sr_prop_special_bblock_lrg11,,MC_SR_PROP_51,,,
,C_21,sr_prop_special_bblock_xl1,,MC_SR_PROP_52,,,
,C_21,sr_prop_special_bblock_sml2,,MC_SR_PROP_53,,,
,C_21,sr_prop_special_bblock_mdm2,,MC_SR_PROP_54,,,
,C_21,sr_prop_special_bblock_lrg2,,MC_SR_PROP_55,,,
,C_21,sr_prop_special_bblock_xl2,,MC_SR_PROP_56,,,
,C_21,sr_prop_special_bblock_sml3,,MC_SR_PROP_57,,,
,C_21,sr_prop_special_bblock_mdm3,,MC_SR_PROP_58,,,
,C_21,sr_prop_special_bblock_lrg3,,MC_SR_PROP_59,,,
,C_21,sr_prop_special_bblock_xl3_fixed,,MC_SR_PROP_60,,,
,C_14,sr_prop_spec_tube_xxs_01a,,MC_SR_PROP_06,,,
,C_14,sr_prop_spec_tube_xxs_02a,,MC_SR_PROP_06,,,
,C_14,sr_prop_spec_tube_xxs_03a,,MC_SR_PROP_06,,,
,C_14,sr_prop_spec_tube_xxs_04a,,MC_SR_PROP_06,,,
,C_14,sr_prop_spec_tube_xxs_05a,,MC_SR_PROP_06,,,
,C_14,sr_prop_stunt_tube_xs_01a,,MC_SR_PROP_10,,,
,C_14,sr_prop_stunt_tube_xs_02a,,MC_SR_PROP_10,,,
,C_14,sr_prop_stunt_tube_xs_03a,,MC_SR_PROP_10,,,
,C_14,sr_prop_stunt_tube_xs_04a,,MC_SR_PROP_10,,,
,C_14,sr_prop_stunt_tube_xs_05a,,MC_SR_PROP_10,,,
,C_14,sr_prop_spec_tube_s_01a,,MC_SR_PROP_03,,,
,C_14,sr_prop_spec_tube_s_02a,,MC_SR_PROP_03,,,
,C_14,sr_prop_spec_tube_s_03a,,MC_SR_PROP_03,,,
,C_14,sr_prop_spec_tube_s_04a,,MC_SR_PROP_03,,,
,C_14,sr_prop_spec_tube_s_05a,,MC_SR_PROP_03,,,
,C_14,sr_prop_spec_tube_m_01a,,MC_SR_PROP_04,,,
,C_14,sr_prop_spec_tube_m_02a,,MC_SR_PROP_04,,,
,C_14,sr_prop_spec_tube_m_03a,,MC_SR_PROP_04,,,
,C_14,sr_prop_spec_tube_m_04a,,MC_SR_PROP_04,,,
,C_14,sr_prop_spec_tube_m_05a,,MC_SR_PROP_04,,,
,C_14,sr_prop_spec_tube_l_01a,,MC_SR_PROP_05,,,
,C_14,sr_prop_spec_tube_l_02a,,MC_SR_PROP_05,,,
,C_14,sr_prop_spec_tube_l_03a,,MC_SR_PROP_05,,,
,C_14,sr_prop_spec_tube_l_04a,,MC_SR_PROP_05,,,
,C_14,sr_prop_spec_tube_l_05a,,MC_SR_PROP_05,,,
,C_14,sr_prop_spec_tube_crn_01a,,MC_SR_PROP_01,,,
,C_14,sr_prop_spec_tube_crn_02a,,MC_SR_PROP_01,,,
,C_14,sr_prop_spec_tube_crn_03a,,MC_SR_PROP_01,,,
,C_14,sr_prop_spec_tube_crn_04a,,MC_SR_PROP_01,,,
,C_14,sr_prop_spec_tube_crn_05a,,MC_SR_PROP_01,,,
,C_14,sr_prop_stunt_tube_crn2_01a,,MC_SR_PROP_09,,,
,C_14,sr_prop_stunt_tube_crn2_02a,,MC_SR_PROP_09,,,
,C_14,sr_prop_stunt_tube_crn2_03a,,MC_SR_PROP_09,,,
,C_14,sr_prop_stunt_tube_crn2_04a,,MC_SR_PROP_09,,,
,C_14,sr_prop_stunt_tube_crn2_05a,,MC_SR_PROP_09,,,
,C_14,sr_prop_spec_tube_crn_30d_01a,,MC_SR_PROP_02,,,
,C_14,sr_prop_spec_tube_crn_30d_02a,,MC_SR_PROP_02,,,
,C_14,sr_prop_spec_tube_crn_30d_03a,,MC_SR_PROP_02,,,
,C_14,sr_prop_spec_tube_crn_30d_04a,,MC_SR_PROP_02,,,
,C_14,sr_prop_spec_tube_crn_30d_05a,,MC_SR_PROP_02,,,
,C_14,sr_prop_stunt_tube_crn_15d_01a,,MC_SR_PROP_08,,,
,C_14,sr_prop_stunt_tube_crn_15d_02a,,MC_SR_PROP_08,,,
,C_14,sr_prop_stunt_tube_crn_15d_03a,,MC_SR_PROP_08,,,
,C_14,sr_prop_stunt_tube_crn_15d_04a,,MC_SR_PROP_08,,,
,C_14,sr_prop_stunt_tube_crn_15d_05a,,MC_SR_PROP_08,,,
,C_14,sr_prop_stunt_tube_crn_5d_01a,,MC_SR_PROP_07,,,
,C_14,sr_prop_stunt_tube_crn_5d_02a,,MC_SR_PROP_07,,,
,C_14,sr_prop_stunt_tube_crn_5d_03a,,MC_SR_PROP_07,,,
,C_14,sr_prop_stunt_tube_crn_5d_04a,,MC_SR_PROP_07,,,
,C_14,sr_prop_stunt_tube_crn_5d_05a,,MC_SR_PROP_07,,,
,C_14,sr_prop_spec_tube_refill,,MC_SR_PROP_44,,,
,C_16,sr_prop_track_straight_l_u5,,MC_SR_PROP_35,,,
,C_16,sr_prop_track_straight_l_u15,,MC_SR_PROP_36,,,
,C_16,sr_prop_track_straight_l_u30,,MC_SR_PROP_37,,,
,C_16,sr_prop_track_straight_l_u45,,MC_SR_PROP_38,,,
,C_16,sr_prop_track_straight_l_d5,,MC_SR_PROP_31,,,
,C_16,sr_prop_track_straight_l_d15,,MC_SR_PROP_32,,,
,C_16,sr_prop_track_straight_l_d30,,MC_SR_PROP_33,,,
,C_16,sr_prop_track_straight_l_d45,,MC_SR_PROP_34,,,
,C_18,sr_prop_track_refill,,MC_SR_PROP_39,,,
,C_18,sr_prop_track_refill_t2,,MC_SR_PROP_40,,,
,C_18,sr_prop_track_refill_t1,,MC_SR_PROP_41,,,
,C_16,sr_prop_sr_track_jumpwall,,MC_SR_PROP_42,,,
,C_13,stt_prop_stunt_jump_loop,,MC_PR_STNT319,,,
,C_13,stt_prop_ramp_adj_loop,,MC_PR_STNT20,,,
,C_13,stt_prop_ramp_adj_hloop,,MC_PR_STNT19,,,
,C_13,stt_prop_ramp_multi_loop_rb,,MC_PR_STNT21,,,
,C_13,stt_prop_ramp_jump_xs,,MC_PR_STNT25,,,
,C_13,stt_prop_ramp_jump_s,,MC_PR_STNT26,,,
,C_13,stt_prop_ramp_jump_m,,MC_PR_STNT27,,,
,C_13,stt_prop_ramp_jump_l,,MC_PR_STNT28,,,
,C_13,stt_prop_ramp_jump_xl,,MC_PR_STNT29,,,
,C_13,stt_prop_ramp_jump_xxl,,MC_PR_STNT30,,,
,C_13,stt_prop_ramp_adj_flip_s,,MC_PR_STNT193,,,
,C_13,stt_prop_ramp_adj_flip_sb,,MC_PR_STNT31,,,
,C_13,stt_prop_ramp_adj_flip_m,,MC_PR_STNT173,,,
,C_13,stt_prop_ramp_adj_flip_mb,,MC_PR_STNT32,,,
,C_13,stt_prop_track_jump_01a,,MC_PR_STNT156,,,
,C_13,stt_prop_track_jump_01b,,MC_PR_STNT157,,,
,C_13,stt_prop_track_jump_01c,,MC_PR_STNT158,,,
,C_13,stt_prop_track_jump_02a,,MC_PR_STNT159,,,
,C_13,stt_prop_track_jump_02b,,MC_PR_STNT160,,,
,C_13,stt_prop_track_jump_02c,,MC_PR_STNT161,,,
,C_13,stt_prop_ramp_spiral_s,,MC_PR_STNT24,,,
,C_13,stt_prop_ramp_spiral_l_s,,MC_PR_STNT150,,,
,C_13,stt_prop_ramp_spiral_m,,MC_PR_STNT23,,,
,C_13,stt_prop_ramp_spiral_l_m,,MC_PR_STNT151,,,
,C_13,stt_prop_ramp_spiral_l,,MC_PR_STNT22,,,
,C_13,stt_prop_ramp_spiral_l_l,,MC_PR_STNT152,,,
,C_13,stt_prop_ramp_spiral_xxl,,MC_PR_STNT155,,,
,C_13,stt_prop_ramp_spiral_l_xxl,,MC_PR_STNT153,,,
,C_13,stt_prop_stunt_jump_s,,MC_PR_STNT88,,,
,C_13,stt_prop_stunt_jump_m,,MC_PR_STNT89,,,
,C_13,stt_prop_stunt_jump_l,,MC_PR_STNT90,,,
,C_13,stt_prop_stunt_jump_sb,,MC_PR_STNT110,,,
,C_13,stt_prop_stunt_jump_mb,,MC_PR_STNT111,,,
,C_13,stt_prop_stunt_jump_lb,,MC_PR_STNT112,,,
,C_13,stt_prop_stunt_ramp,,MC_PR_STNT33,,,
,C_13,stt_prop_stunt_wideramp,,MC_PR_STNT135,,,
,C_13,stt_prop_stunt_bblock_qp3,,MC_PR_STNT162,,,
,C_13,stt_prop_stunt_bblock_qp2,,MC_PR_STNT163,,,
,C_13,stt_prop_stunt_bblock_qp,,MC_PR_STNT164,,,
,C_13,stt_prop_stunt_bblock_hump_01,,MC_PR_STNT163s,,,
,C_13,stt_prop_stunt_bblock_hump_02,,MC_PR_STNT163m,,,
,C_14,stt_prop_stunt_tube_xxs,,MC_PR_STNT104,,,
,C_14,stt_prop_stunt_tube_xs,,MC_PR_STNT37,,,
,C_14,stt_prop_stunt_tube_s,,MC_PR_STNT38,,,
,C_14,stt_prop_stunt_tube_m,,MC_PR_STNT39,,,
,C_14,stt_prop_stunt_tube_l,,MC_PR_STNT100,,,
,C_14,stt_prop_stunt_tube_crn,,MC_PR_STNT46,,,
,C_14,stt_prop_stunt_tube_crn_5d,,MC_PR_STNT226,,,
,C_14,stt_prop_stunt_tube_crn_15d,,MC_PR_STNT227,,,
,C_14,stt_prop_stunt_tube_crn_30d,,MC_PR_STNT228,,,
,C_14,stt_prop_stunt_tube_crn2,,MC_PR_STNT102,,,
,C_14,stt_prop_stunt_tube_fork,,MC_PR_STNT134,,,
,C_14,stt_prop_stunt_tube_gap_01,,MC_PR_STNT165,,,
,C_14,stt_prop_stunt_tube_gap_02,,MC_PR_STNT166,,,
,C_14,stt_prop_stunt_tube_gap_03,,MC_PR_STNT262,,,
,C_14,stt_prop_stunt_tube_cross,,MC_PR_STNT40,,,
,C_14,stt_prop_stunt_tube_speed,,MC_PR_STNT248,,,
,C_14,stt_prop_track_tube_02,,MC_PR_STNT170,,,
,C_14,stt_prop_stunt_tube_qg,,MC_PR_STNT41,,,
,C_14,stt_prop_stunt_tube_hg,,MC_PR_STNT42,,,
,C_14,stt_prop_stunt_tube_jmp,,MC_PR_STNT44,,,
,C_14,stt_prop_stunt_tube_ent,,MC_PR_STNT93,,,
,C_15,stt_prop_stunt_soccer_sball,,MC_PR_STNT66,,,
,C_15,stt_prop_stunt_soccer_ball,,MC_PR_STNT68,,,
,C_15,stt_prop_stunt_soccer_lball,,MC_PR_STNT65,,,
,C_15,stt_prop_stunt_bowling_pin,,MC_PR_STNT63,,,
,C_15,stt_prop_stunt_bowling_ball,,MC_PR_STNT261,,,
,C_16,stt_prop_track_start,,MC_PR_STNT59,,,
,C_16,stt_prop_track_start_02,,MC_PR_STNT2,,,
,C_16,stt_prop_track_bend_bar_m,,MC_PR_STNT52,,,
,C_16,stt_prop_track_bend_5d_bar,,MC_PR_STNT264,,,
,C_16,stt_prop_track_bend_15d_bar,,MC_PR_STNT265,,,
,C_16,stt_prop_track_bend_30d_bar,,MC_PR_STNT266,,,
,C_16,stt_prop_track_bend_180d_bar,,MC_PR_STNT267,,,
,C_16,stt_prop_track_bend_m,,MC_PR_STNT48,,,
,C_16,stt_prop_track_bend_5d,,MC_PR_STNT222,,,
,C_16,stt_prop_track_bend_15d,,MC_PR_STNT223,,,
,C_16,stt_prop_track_bend_30d,,MC_PR_STNT224,,,
,C_16,stt_prop_track_bend_180d,,MC_PR_STNT225,,,
,C_16,stt_prop_track_bend_l_b,,MC_PR_STNT49,,,
,C_16,stt_prop_track_bend2_l_b,,MC_PR_STNT141,,,
,C_16,stt_prop_track_bend_bar_l_b,,MC_PR_STNT53,,,
,C_16,stt_prop_track_bend2_bar_l_b,,MC_PR_STNT142,,,
,C_16,stt_prop_track_fork,,MC_PR_STNT137,,,
,C_16,stt_prop_track_cross,,MC_PR_STNT56,,,
,C_16,stt_prop_track_fork_bar,,MC_PR_STNT138,,,
,C_16,stt_prop_track_cross_bar,,MC_PR_STNT57,,,
,C_16,stt_prop_track_tube_01,,MC_PR_STNT169,,,
,C_16,stt_prop_track_chicane_l,,MC_PR_STNT167,,,
,C_16,stt_prop_track_chicane_r,,MC_PR_STNT168,,,
,C_16,stt_prop_track_chicane_l_02,,MC_PR_STNT196,,,
,C_16,stt_prop_track_chicane_r_02,,MC_PR_STNT197,,,
,C_16,stt_prop_track_block_01,,MC_PR_STNT236,,,
,C_16,stt_prop_track_block_02,,MC_PR_STNT237,,,
,C_16,stt_prop_track_block_03,,MC_PR_STNT238,,,
,C_16,stt_prop_track_funnel,,MC_PR_STNT58,,,
,C_16,stt_prop_track_funnel_ads_01a,,MC_PR_STNT235,,,
,C_16,stt_prop_track_funnel_ads_01b,,MC_PR_STNT253,,,
,C_16,stt_prop_track_funnel_ads_01c,,MC_PR_STNT254,,,
,C_16,stt_prop_track_link,,MC_PR_STNT115,,,
,C_16,stt_prop_track_straight_bar_l,,MC_PR_STNT55,,,
,C_16,stt_prop_track_straight_lm_bar,,MC_PR_STNT55a,,,
,C_16,stt_prop_track_straight_bar_m,,MC_PR_STNT54,,,
,C_16,stt_prop_track_straight_bar_s,,MC_PR_STNT106,,,
,C_16,stt_prop_track_straight_l,,MC_PR_STNT51,,,
,C_16,stt_prop_track_straight_lm,,MC_PR_STNT51a,,,
,C_16,stt_prop_track_straight_m,,MC_PR_STNT50,,,
,C_16,stt_prop_track_straight_s,,MC_PR_STNT105,,,
,C_17,stt_prop_tyre_wall_01,,MC_PR_STNT213,,,
,C_17,stt_prop_tyre_wall_02,,MC_PR_STNT214,,,
,C_17,stt_prop_tyre_wall_03,,MC_PR_STNT215,,,
,C_17,stt_prop_tyre_wall_04,,MC_PR_STNT274,,,
,C_17,stt_prop_tyre_wall_05,,MC_PR_STNT275,,,
,C_17,stt_prop_tyre_wall_06,,MC_PR_STNT276,,,
,C_17,stt_prop_tyre_wall_07,,MC_PR_STNT277,,,
,C_17,stt_prop_tyre_wall_08,,MC_PR_STNT278,,,
,C_17,stt_prop_tyre_wall_09,,MC_PR_STNT279,,,
,C_17,stt_prop_tyre_wall_010,,MC_PR_STNT280,,,
,C_17,stt_prop_tyre_wall_011,,MC_PR_STNT281,,,
,C_17,stt_prop_tyre_wall_012,,MC_PR_STNT282,,,
,C_17,stt_prop_tyre_wall_013,,MC_PR_STNT283,,,
,C_17,stt_prop_tyre_wall_014,,MC_PR_STNT316,,,
,C_17,stt_prop_tyre_wall_0r1,,MC_PR_STNT216,,,
,C_17,stt_prop_tyre_wall_0r2,,MC_PR_STNT217,,,
,C_17,stt_prop_tyre_wall_0r06,,MC_PR_STNT285,,,
,C_17,stt_prop_tyre_wall_0r07,,MC_PR_STNT286,,,
,C_17,stt_prop_tyre_wall_0r011,,MC_PR_STNT287,,,
,C_17,stt_prop_tyre_wall_0r012,,MC_PR_STNT288,,,
,C_17,stt_prop_tyre_wall_0r013,,MC_PR_STNT289,,,
,C_17,stt_prop_tyre_wall_0r014,,MC_PR_STNT290,,,
,C_17,stt_prop_tyre_wall_0r019,,MC_PR_STNT291,,,
,C_17,stt_prop_tyre_wall_0r3,,MC_PR_STNT218,,,
,C_17,stt_prop_tyre_wall_0r04,,MC_PR_STNT292,,,
,C_17,stt_prop_tyre_wall_0r05,,MC_PR_STNT293,,,
,C_17,stt_prop_tyre_wall_0r08,,MC_PR_STNT294,,,
,C_17,stt_prop_tyre_wall_0r09,,MC_PR_STNT295,,,
,C_17,stt_prop_tyre_wall_0r010,,MC_PR_STNT296,,,
,C_17,stt_prop_tyre_wall_0r015,,MC_PR_STNT297,,,
,C_17,stt_prop_tyre_wall_0r016,,MC_PR_STNT298,,,
,C_17,stt_prop_tyre_wall_0r017,,MC_PR_STNT299,,,
,C_17,stt_prop_tyre_wall_0r018,,MC_PR_STNT300,,,
,C_17,stt_prop_tyre_wall_0l1,,MC_PR_STNT219,,,
,C_17,stt_prop_tyre_wall_0l2,,MC_PR_STNT220,,,
,C_17,stt_prop_tyre_wall_0l06,,MC_PR_STNT301,,,
,C_17,stt_prop_tyre_wall_0l07,,MC_PR_STNT302,,,
,C_17,stt_prop_tyre_wall_0l013,,MC_PR_STNT303,,,
,C_17,stt_prop_tyre_wall_0l014,,MC_PR_STNT304,,,
,C_17,stt_prop_tyre_wall_0l015,,MC_PR_STNT305,,,
,C_17,stt_prop_tyre_wall_0l020,,MC_PR_STNT306,,,
,C_17,stt_prop_tyre_wall_0l3,,MC_PR_STNT221,,,
,C_17,stt_prop_tyre_wall_0l04,,MC_PR_STNT307,,,
,C_17,stt_prop_tyre_wall_0l05,,MC_PR_STNT308,,,
,C_17,stt_prop_tyre_wall_0l08,,MC_PR_STNT309,,,
,C_17,stt_prop_tyre_wall_0l010,,MC_PR_STNT310,,,
,C_17,stt_prop_tyre_wall_0l012,,MC_PR_STNT311,,,
,C_17,stt_prop_tyre_wall_0l16,,MC_PR_STNT312,,,
,C_17,stt_prop_tyre_wall_0l17,,MC_PR_STNT313,,,
,C_17,stt_prop_tyre_wall_0l018,,MC_PR_STNT314,,,
,C_17,stt_prop_tyre_wall_0l019,,MC_PR_STNT315,,,
,C_18,stt_prop_race_start_line_01,,MC_PR_STNT190,,,
,C_18,stt_prop_race_start_line_01b,,MC_PR_STNT190b,,,
,C_18,stt_prop_race_start_line_02,,MC_PR_STNT191,,,
,C_18,stt_prop_race_start_line_02b,,MC_PR_STNT243,,,
,C_18,stt_prop_race_start_line_03,,MC_PR_STNT192,,,
,C_18,stt_prop_race_start_line_03b,,MC_PR_STNT244,,,
,C_18,stt_prop_race_gantry_01,,MC_PR_STNT242,,,
,C_18,stt_prop_stunt_target_small,,MC_PR_STNT320,,,
,C_18,stt_prop_stunt_landing_zone_01,,MC_PR_STNT171,,,
,C_18,stt_prop_hoop_tyre_01a,,MC_PR_STNT194,,,
,C_18,stt_prop_hoop_small_01,,MC_PR_STNT188,,,
,C_18,stt_prop_hoop_constraction_01a,,MC_PR_STNT189,,,
,C_18,stt_prop_race_tannoy,,MC_PR_STNT255,,,
,C_18,stt_prop_speakerstack_01a,,MC_PR_STNT263,,,
,C_18,stt_prop_stunt_bowlpin_stand,,MC_PR_STNT64,,,
,C_18,stt_prop_stunt_soccer_goal,,MC_PR_STNT67,,,
,C_18,stt_prop_sign_circuit_01,,MC_PR_STNT198,,,
,C_18,stt_prop_sign_circuit_02,,MC_PR_STNT199,,,
,C_18,stt_prop_sign_circuit_03,,MC_PR_STNT200,,,
,C_18,stt_prop_sign_circuit_04,,MC_PR_STNT201,,,
,C_18,stt_prop_sign_circuit_05,,MC_PR_STNT202,,,
,C_18,stt_prop_sign_circuit_06,,MC_PR_STNT203,,,
,C_18,stt_prop_sign_circuit_07,,MC_PR_STNT204,,,
,C_18,stt_prop_sign_circuit_08,,MC_PR_STNT205,,,
,C_18,stt_prop_sign_circuit_09,,MC_PR_STNT206,,,
,C_18,stt_prop_sign_circuit_10,,MC_PR_STNT207,,,
,C_18,stt_prop_sign_circuit_11,,MC_PR_STNT208,,,
,C_18,stt_prop_sign_circuit_12,,MC_PR_STNT209,,,
,C_18,stt_prop_sign_circuit_13,,MC_PR_STNT210,,,
,C_18,stt_prop_sign_circuit_14,,MC_PR_STNT211,,,
,C_18,stt_prop_sign_circuit_15,,MC_PR_STNT212,,,
,C_18,stt_prop_corner_sign_01,,MC_PR_STNT174,,,
,C_18,stt_prop_corner_sign_02,,MC_PR_STNT175,,,
,C_18,stt_prop_corner_sign_03,,MC_PR_STNT176,,,
,C_18,stt_prop_corner_sign_04,,MC_PR_STNT177,,,
,C_18,stt_prop_corner_sign_05,,MC_PR_STNT178,,,
,C_18,stt_prop_corner_sign_06,,MC_PR_STNT179,,,
,C_18,stt_prop_corner_sign_07,,MC_PR_STNT180,,,
,C_18,stt_prop_corner_sign_08,,MC_PR_STNT181,,,
,C_18,stt_prop_corner_sign_09,,MC_PR_STNT182,,,
,C_18,stt_prop_corner_sign_11,,MC_PR_STNT184,,,
,C_18,stt_prop_corner_sign_10,,MC_PR_STNT183,,,
,C_18,stt_prop_corner_sign_12,,MC_PR_STNT185,,,
,C_18,stt_prop_corner_sign_13,,MC_PR_STNT186,,,
,C_18,stt_prop_corner_sign_14,,MC_PR_STNT187,,,
,C_19,stt_prop_wallride_01,,MC_PR_STNT256,,,
,C_19,stt_prop_wallride_01b,,MC_PR_STNT91,,,
,C_19,stt_prop_wallride_04,,MC_PR_STNT60,,,
,C_19,stt_prop_wallride_45l,,MC_PR_STNT144,,,
,C_19,stt_prop_wallride_45la,,MC_PR_STNT250,,,
,C_19,stt_prop_wallride_45r,,MC_PR_STNT143,,,
,C_19,stt_prop_wallride_45ra,,MC_PR_STNT249,,,
,C_19,stt_prop_wallride_90l,,MC_PR_STNT146,,,
,C_19,stt_prop_wallride_90lb,,MC_PR_STNT252,,,
,C_19,stt_prop_wallride_90r,,MC_PR_STNT145,,,
,C_19,stt_prop_wallride_90rb,,MC_PR_STNT251,,,
,C_19,stt_prop_wallride_02,,MC_PR_STNT257,,,
,C_19,stt_prop_wallride_02b,,MC_PR_STNT92,,,
,C_19,stt_prop_wallride_05,,MC_PR_STNT258,,,
,C_19,stt_prop_wallride_05b,,MC_PR_STNT61,,,
,C_20,stt_prop_stunt_track_start_02,,MC_PR_STNT1,,,
,C_20,stt_prop_stunt_track_start,,MC_PR_STNT71,,,
,C_20,stt_prop_stunt_track_st_02,,MC_PR_STNT245,,,
,C_20,stt_prop_stunt_track_st_01,,MC_PR_STNT246,,,
,C_20,stt_prop_stunt_track_exshort,,MC_PR_STNT154,,,
,C_20,stt_prop_stunt_track_short,,MC_PR_STNT103,,,
,C_20,stt_prop_stunt_track_straight,,MC_PR_STNT80,,,
,C_20,stt_prop_stunt_track_cutout,,MC_PR_STNT113,,,
,C_20,stt_prop_stunt_track_otake,,MC_PR_STNT69,,,
,C_20,stt_prop_stunt_track_fork,,MC_PR_STNT139,,,
,C_20,stt_prop_stunt_track_funnel,,MC_PR_STNT70,,,
,C_20,stt_prop_stunt_track_funlng,,MC_PR_STNT140,,,
,C_20,stt_prop_stunt_track_slope15,,MC_PR_STNT74,,,
,C_20,stt_prop_stunt_track_slope30,,MC_PR_STNT75,,,
,C_20,stt_prop_stunt_track_slope45,,MC_PR_STNT76,,,
,C_20,stt_prop_stunt_track_hill,,MC_PR_STNT77,,,
,C_20,stt_prop_stunt_track_hill2,,MC_PR_STNT78,,,
,C_20,stt_prop_stunt_track_bumps,,MC_PR_STNT136,,,
,C_20,stt_prop_stunt_track_jump,,MC_PR_STNT79,,,
,C_20,stt_prop_stunt_jump15,,MC_PR_STNT116,,,
,C_20,stt_prop_stunt_jump30,,MC_PR_STNT117,,,
,C_20,stt_prop_stunt_jump45,,MC_PR_STNT118,,,
,C_20,stt_prop_stunt_track_turn,,MC_PR_STNT73,,,
,C_20,stt_prop_stunt_track_sh15,,MC_PR_STNT107,,,
,C_20,stt_prop_stunt_track_sh30,,MC_PR_STNT108,,,
,C_20,stt_prop_stunt_track_sh45,,MC_PR_STNT109,,,
,C_20,stt_prop_stunt_track_sh45_a,,MC_PR_STNT109A,,,
,C_20,stt_prop_stunt_track_uturn,,MC_PR_STNT81,,,
,C_20,stt_prop_stunt_track_link,,MC_PR_STNT114,,,
,C_20,stt_prop_stunt_track_dwlink,,MC_PR_STNT3,,,
,C_20,stt_prop_stunt_track_dwlink_02,,MC_PR_STNT247,,,
,C_20,stt_prop_stunt_track_dwshort,,MC_PR_STNT4,,,
,C_20,stt_prop_stunt_track_dwsh15,,MC_PR_STNT5,,,
,C_20,stt_prop_stunt_track_dwturn,,MC_PR_STNT6,,,
,C_20,stt_prop_stunt_track_dwuturn,,MC_PR_STNT7,,,
,C_20,stt_prop_stunt_track_dwslope15,,MC_PR_STNT8,,,
,C_20,stt_prop_stunt_track_dwslope30,,MC_PR_STNT9,,,
,C_20,stt_prop_stunt_track_dwslope45,,MC_PR_STNT10,,,
,C_18,stt_prop_track_speedup,,MC_PR_STNT132,,,
,C_18,stt_prop_track_speedup_t1,,MC_PR_STNT231,,,
,C_18,stt_prop_track_speedup_t2,,MC_PR_STNT232,,,
,C_18,stt_prop_track_slowdown,,MC_PR_STNT133,,,
,C_18,stt_prop_track_slowdown_t1,,MC_PR_STNT233,,,
,C_18,stt_prop_track_slowdown_t2,,MC_PR_STNT234,,,
,C_21,stt_prop_stunt_bblock_sml1,,MC_PR_STNT120,,,
,C_21,stt_prop_stunt_bblock_sml2,,MC_PR_STNT121,,,
,C_21,stt_prop_stunt_bblock_sml3,,MC_PR_STNT122,,,
,C_21,stt_prop_stunt_bblock_mdm1,,MC_PR_STNT123,,,
,C_21,stt_prop_stunt_bblock_mdm2,,MC_PR_STNT124,,,
,C_21,stt_prop_stunt_bblock_mdm3,,MC_PR_STNT125,,,
,C_21,stt_prop_stunt_bblock_lrg1,,MC_PR_STNT126,,,
,C_21,stt_prop_stunt_bblock_lrg2,,MC_PR_STNT127,,,
,C_21,stt_prop_stunt_bblock_lrg3,,MC_PR_STNT128,,,
,C_21,stt_prop_stunt_bblock_xl1,,MC_PR_STNT129,,,
,C_21,stt_prop_stunt_bblock_xl2,,MC_PR_STNT130,,,
,C_21,stt_prop_stunt_bblock_xl3,,MC_PR_STNT131,,,
,C_21,stt_prop_stunt_bblock_huge_01,,MC_PR_STNT147,,,
,C_21,stt_prop_stunt_bblock_huge_02,,MC_PR_STNT148,,,
,C_21,stt_prop_stunt_bblock_huge_03,,MC_PR_STNT149,,,
,C_21,stt_prop_stunt_bblock_huge_04,,MC_PR_STNT229,,,
,C_21,stt_prop_stunt_bblock_huge_05,,MC_PR_STNT230,,,
